filename,url,title,duration,upload_date,channel,view_count,like_count,description
https___youtube.com_watch_v=0btXc5lnVso.mp4,https://youtube.com/watch?v=0btXc5lnVso,Markdown to DOCX on Windows Easy Drag & Drop Conversion,00:03:34,26-08-2024,Ranking Tactics,"2,429",105,"See how easy I can convert markdown files into docx files (or even PDF, Latex, etc)!

Markdown to DOCX BAT Script:
https://drive.google.com/file/d/1wjvhf1ahcDXXYZWTvxA1_XlBsGcUvDDe/view?usp=sharing

Useful links:
🚀 Get ZimmWriter:
https://www.rankingtactics.com/zimmwriter/

🤗 Also be sure to join the ZimmWriter Facebook group: https://www.facebook.com/groups/zimmwriter

😮 Get my AI prompting course:
https://access.getprompted.ai/get-prompted

👉 My #1 online marketing tools:
https://www.rankingtactics.com/best-online-marketing-tools/"
